conversation_id,category,turn,veracity_score,error_type,input,output,reasoning
0999ec5d-4ec6-4399-9e60-7f5ec0693265,eligibility,0,40,date/location error,"Hey, I was wondering what the age requirements are to vote in the 2026 Gubernatorial Primary Election in Maryland.","To vote in the 2026 Gubernatorial Primary Election in Maryland, you must be at least 18 years old by the time of the election, which is on June 23, 2026. However, you can register to vote if you are at least 16 years old, but you won't be able to vote until you turn 18 [Introduction](https://elections.maryland.gov/voter_registration/index.html).","The claim is not fully accurate: Maryland allows 17-year-olds to vote in the 2026 primary if they will be 18 by the general election, and allows 16-year-olds to register to vote and become eligible to vote once they reach 18 by the general election; therefore, stating you must be 18 by June 23, 2026 is incomplete/incorrect."
0999ec5d-4ec6-4399-9e60-7f5ec0693265,eligibility,1,65,date/location error,Can someone who turns 18 on Election Day still vote in the primary?,"Yes, if you turn 18 on Election Day, you are eligible to vote in the primary election. You must be registered to vote by the registration deadline, but as long as you are 18 by the time you cast your ballot, you can participate in the election."," Maryland sources confirm that 17-year-olds may vote in the primary if they will be 18 by the general election, and that to vote in a primary you must be affiliated with a party; the assistant's answer only mentions age and registration deadline, omitting the crucial party-affiliation requirement."
0999ec5d-4ec6-4399-9e60-7f5ec0693265,eligibility,3,60,date/location error,What if I miss the registration deadline? Can I still vote?,"If you miss the registration deadline, you will not be able to vote in that election. However, Maryland does offer same-day registration during early voting and on Election Day, which allows you to register and vote on the same day. You will need to bring a valid form of identification and proof of residency. If you are unable to take advantage of same-day registration, you will need to wait until the next election to register and vote.","The assistant's claim that missing the registration deadline prevents voting is incorrect for the 2026 Gubernatorial Primary, since Maryland allows same-day registration during early voting (June 11–18, 2026) and on Election Day (June 23, 2026), though ID requirements apply to some first-time voters."
0999ec5d-4ec6-4399-9e60-7f5ec0693265,eligibility,4,60,date/location error,What kind of identification do I need to bring for same-day registration?,"For same-day registration in Maryland, you need to bring a document that proves where you live. Acceptable forms of identification include:

- A current and valid Maryland driver's license or MVA ID card
- A paycheck
- A bank statement
- A utility bill
- Any other government document with your name and current address

Make sure that the document you bring shows your name and the address where you are registering to vote [Introduction](https://elections.maryland.gov/voter_registration/index.html).","The answer correctly lists several SDR document options (paycheck, bank statement, utility bill, and MVA ID) but omits other valid proofs (learner's permit and change-of-address card) and fails to mention the requirement that documents be dated within 3 months of Election Day."
0d18c846-5253-4ef0-abda-da55bcf1d61b,procedural,3,60,date/location error,What happens if I miss the voter registration deadline after moving? Can I still vote?,"If you miss the voter registration deadline after moving, you may not be able to vote in the upcoming election unless Maryland allows same-day registration. Maryland does permit same-day registration during early voting and on Election Day, where you can register and vote at the same time. However, you will need to bring a valid form of identification that proves your residency. Check with your local board of elections for specific details and requirements.","The assistant correctly notes that Maryland has same-day/in-person registration during early voting and on Election Day, but it incorrectly implies missing the registration deadline would prevent voting; Maryland officially allows in-person registration on Election Day and during early voting (SDR), so the initial claim is misleading."
1c395660-e0c5-45f6-8c8d-83821f1dccf3,edge_cases,2,60,date/location error,"If I do need to challenge my registration, is there a deadline I should be aware of?",I don't have specific information about the deadlines for challenging voter registration in Maryland. I recommend checking the Maryland State Board of Elections website or contacting your local board of elections for the most accurate and up-to-date information regarding deadlines for challenging your registration. They can provide you with the necessary details and any important dates you need to be aware of.,"The assistant correctly indicated uncertainty but failed to provide the actual deadline for challenging voter registration; Maryland's Administrative Complaint Procedure requires filing within 60 days of the event or discovery, and Montgomery County official pages list an advanced registration deadline of June 2, 2026, which the answer did not state."
1c395660-e0c5-45f6-8c8d-83821f1dccf3,edge_cases,3,60,date/location error,What happens if I miss the deadline to challenge my registration? Can I still vote provisionally?,"If you miss the deadline to challenge your registration, you may still be able to vote provisionally. Provisional ballots allow you to cast your vote even if your name is not on the voter rolls or if there are questions about your eligibility. However, the provisional ballot will only be counted once your eligibility is verified by the local election board after Election Day. It's important to ensure that you follow up with the election officials to resolve any issues regarding your registration status.","Provisional voting facts in the sources confirm that provisional ballots can be used and are counted after eligibility is determined, but the specific claim that missing a 'deadline to challenge your registration' automatically allows provisional voting is not supported by the cited Maryland/Montgomery sources."
21d6c98f-427f-409e-8cd2-9e6222fdbd17,eligibility,3,60,date/location error,Are there any specific documents I need to bring or have ready when I check my voter registration status?,"When checking your voter registration status in Maryland, you typically do not need to bring any specific documents. You can check your status online by providing your name, date of birth, and county. However, if you contact your local board of elections for assistance, it may be helpful to have your identification or any relevant information about your previous registration handy.","The assistant correctly notes online status checks via Voter Lookup, but its claims that no documents are needed and that lookup requires name, date of birth, and county are not explicitly supported by Maryland sources, and its suggestion about bringing ID to the local board is not clearly documented."
292c1bae-f395-47b9-8b38-94bdd2090b9c,edge_cases,0,60,date/location error,"Hey, I just realized I might forget my ID on election day. What should I do in that case?",I don't have that information. I recommend checking the Maryland State Board of Elections website or contacting your local election office for guidance on what to do if you forget your ID on election day. They can provide the most accurate and up-to-date information regarding ID requirements and alternatives.,"The assistant correctly directs the user to official sources, but it omits Maryland's provisional voting option and the deadline to submit ID to have a provisional ballot counted, which are key facts the user needs."
292c1bae-f395-47b9-8b38-94bdd2090b9c,edge_cases,1,60,date/location error,Are there any alternative forms of identification I can use if I forget my ID?,I don't have that information. I suggest visiting the Maryland State Board of Elections website or reaching out to your local election office for details on alternative forms of identification that may be accepted if you forget your ID on election day. They will have the most accurate and relevant information for your situation.,"The assistant did not provide the actual forms of ID accepted by Maryland elections (e.g., MD driver’s license/MVA ID, passport, student/employee/military ID, or a recent utility bill/bank statement with name and address), instead offering only a generic suggestion to consult official sources."
292c1bae-f395-47b9-8b38-94bdd2090b9c,edge_cases,3,60,nuance/specificity gap,What should I do if I miss the deadline to get an ID before election day?,I don't have that information. I suggest contacting the Maryland State Board of Elections or your local election office for advice on what to do if you miss the deadline to obtain an ID before election day. They can provide you with the best options available for your situation.,"The assistant claimed it lacked information and suggested contacting authorities, but Maryland guidance shows specific options (e.g., provisional ballots and acceptable forms of ID) for first-time voters if ID is not available, which the response did not mention."
292c1bae-f395-47b9-8b38-94bdd2090b9c,edge_cases,4,60,other,Is there a way to confirm my identity without my ID on election day?,I don't have that information. I recommend reaching out to the Maryland State Board of Elections or your local election office to inquire about confirming your identity without an ID on election day. They will have the most accurate information regarding the procedures in place for such situations.,MD official guidance shows that some first-time voters must show ID (with the listed acceptable documents) and provisional ballots are available if ID isn’t provided; the assistant’s answer did not reflect these verified facts and instead deferred to contacting authorities.
29ca1829-06f5-4d8f-8679-10ade727a4d4,eligibility,2,0,other,"Can I register at the polls on Election Day, or do I need to register ahead of time?","Yes, you can register to vote at the polls on Election Day in Maryland. Maryland allows same-day registration, so you can register and vote on the same day. Just make sure to bring a valid form of identification that proves both your identity and your residency in Maryland. If you have any more questions about the process, feel free to ask!","The assistant claimed you can register to vote at the polls on Election Day and that Maryland allows same-day registration; Maryland’s official pages show same-day registration is available only during early voting (June 11–18, 2026 for the 2026 Gubernatorial Primary) and that you must be registered before Election Day to vote, with ID rules applying only in specific first-time-voter scenarios."
29ca1829-06f5-4d8f-8679-10ade727a4d4,eligibility,3,60,date/location error,What kind of identification do I need to bring for same-day registration?,"For same-day registration in Maryland, you need to bring a document that proves where you live. Acceptable forms of identification include:

- A Maryland driver's license or MVA ID card.
- A paycheck, bank statement, utility bill, or other government document that includes your name and current address.

Make sure the document is current, meaning it should be dated within three months of the election [Introduction](https://elections.maryland.gov/voter_registration/index.html)(https://elections.maryland.gov/voter_registration/index.html).","The assistant correctly lists acceptable documents to prove residence for Maryland same-day registration (e.g., MVA license/ID, paycheck, utility bill), but incorrectly claimed a 'three months' freshness requirement; Maryland sources do not specify a 3-month window for these documents."
29ca1829-06f5-4d8f-8679-10ade727a4d4,eligibility,4,40,date/location error,What if I don’t have any of those forms of ID? Can I still register and vote?,"If you do not have any of the acceptable forms of ID for same-day registration, you will not be able to register to vote on Election Day. It's important to bring a document that proves your identity and residency. If you find yourself in this situation, you might consider obtaining one of the acceptable forms of ID before the election or registering in advance during the early voting period or online. If you have further questions or need assistance, feel free to ask!",MD allows same-day registration during Early Voting or on Election Day with documents proving residence; the assistant’s claim that you cannot register to vote on Election Day if you lack ID is incorrect.
2a48e752-9338-4984-a41c-db8475117077,results_integrity,0,60,date/location error,"Hey, I’m curious, can I really trust the electronic voting machines we use here in Maryland?","Maryland has implemented electronic voting machines as part of its election process, and these machines are subject to a certification process to ensure their reliability and security. The State Board of Elections recently demonstrated a new voting system that is being considered for future elections, highlighting its functionality and ease of use. They also encourage public feedback on these systems to address any concerns.

While electronic voting machines are designed to be secure and efficient, it's always good to stay informed about the latest updates and improvements in voting technology. If you have specific concerns, you might consider reaching out to the Maryland State Board of Elections or checking their website for more detailed information on the security measures in place for electronic voting machines.","The assistant accurately states Maryland uses electronic voting machines and that they undergo federal and state certification, and references public testing; however it falsely claims a 'recently demonstrated a new voting system' by the State Board of Elections, whereas official sources indicate Maryland’s current system has been in use since 2016 and was not presented as 'new'."
2e9411ac-59db-4b54-8976-274a3fa61075,results_integrity,3,60,date/location error,How long does the counting process usually take after the polls close?,"The counting process in Maryland typically begins immediately after the polls close. However, the time it takes to report the final results can vary based on several factors, including the number of ballots cast, whether there are any issues with the ballots, and the efficiency of the counting equipment.

Generally, initial results are reported on election night, but these are often unofficial and may not include all mail-in ballots, which can take longer to process. Official results are usually certified a few weeks after the election, once all ballots, including mail-in and provisional ballots, have been counted and verified.

If you're looking for specific timelines for a particular election, you might want to check with the Maryland State Board of Elections or their official website for updates related to that election.","Incorrect: MD guidance shows counting does not begin immediately after polls close; provisional ballots are counted starting the 2nd Wednesday after Election Day and absentee/mail ballots are counted in canvasses over the following weeks, with unofficial results on election night reflecting in-person votes and official results certified after these canvasses."
3087a7a8-34e8-4b2e-b73b-d8ea1d651297,edge_cases,0,60,date/location error,"Hey, I recently changed my name but haven't updated my voter registration yet. Can I still vote in the upcoming election?","If you have changed your name but haven't updated your voter registration, you may still be able to vote, but you might need to vote provisionally. When you check in at the polling place, the election judge will explain the provisional voting process to you. Your eligibility will be reviewed by the local election board after Election Day to determine if your provisional ballot can be counted [Transcript: The Provisional Voting Process: An Overview](https://elections.maryland.gov/voting/provisional_voting_video_transcript.html)[Transcript: The Provisional Voting Process: An Overview](https://elections.maryland.gov/voting/provisional_voting_video_transcript.html). 

It's a good idea to update your voter registration with your new name as soon as possible to avoid any issues on Election Day. You can check your registration status and make updates through the Maryland State Board of Elections website.","The answer correctly notes that provisional ballots exist and that updating your name is advisable, but it overstates the likelihood of needing a provisional ballot due to a name change; Maryland guidance indicates you should vote under your former name and update your name after the election, so the claim that a provisional ballot might be required for a name-change scenario is not directly supported by the cited sources."
3087a7a8-34e8-4b2e-b73b-d8ea1d651297,edge_cases,1,60,date/location error,"Will my old name still be on the ballot, or will it show my new name if I update my registration?","If you update your voter registration with your new name before the election, your new name will be reflected on the voter authority card (VAC) you receive at the polling place. The ballot itself will not show your name; it will be anonymous, but your registration details will be updated in the system. If you do not update your registration, your old name may still be associated with your voter record, which could lead to complications when you check in to vote. It's best to ensure your registration is current to avoid any issues on Election Day.","The answer correctly notes that updating your name affects registration information and that ballots are anonymous, but it incorrectly refers to a 'Voter Authority Card' (VAC) issued at the polling place; Maryland/Montgomery sources describe a Voter Notification Card for registration updates and use VAC terminology only for provisional ballots, not as the general ballot card."
3087a7a8-34e8-4b2e-b73b-d8ea1d651297,edge_cases,4,60,date/location error,"If I update my registration and bring the right ID, will I face any issues voting on Election Day?","If you update your registration with your new name and bring the appropriate ID that matches your current name, you should not face any issues voting on Election Day. Having your registration updated ensures that your name is in the system, and presenting valid identification will help confirm your identity. 

However, it's always a good idea to check your voter registration status before Election Day to ensure everything is correct. If you encounter any issues at the polling place, you can ask the election judges for assistance, and they will guide you through the process.","The response incorrectly suggests no issues for updated registration, but Maryland requires ID for some first-time voters who registered by mail, so issues can arise; see official Maryland election pages on ID requirements and same-day registration."
35a0a9ca-18d6-4dd8-b1fd-dc9390bc43f5,procedural,0,60,date/location error,"Hey, I was wondering if I can vote by mail in the primary election and how I go about requesting a mail-in ballot?","Yes, you can vote by mail in the primary election in Maryland. To request a mail-in ballot, you can use the Maryland Mail-in Ballot Request Form. Here’s how you can do it:

1. **Eligibility**: Make sure you are registered to vote in Maryland. You can register or update your voter record at vote.md.gov/VoterSvcs.

2. **Requesting a Ballot**: You can request a mail-in ballot using the following methods:
   - **Online**: If you have a Maryland driver’s license or MVA-issued ID, you can request a ballot online at vote.md.gov/NeedBallot.
   - **By Mail or In Person**: You can print the Mail-in Ballot Request Form, fill it out, and return it to your local board of elections by mail, fax, or email. You can also drop it off in person.

3. **Deadlines**: Make sure to submit your request by the deadline. For the 2026 Primary Election, if you want to receive your ballot by mail or fax, you must submit your request by Tuesday, June 16, 2026. If you are returning your request by email or fax, the deadline is 11:59 PM on the same day.

4. **Receiving Your Ballot**: Once your request is processed, you will receive your ballot about 30-45 days before the election.

Make sure to check the specific instructions and deadlines to ensure your vote counts! If you need more details, you can refer to the Mail-in Ballot Application [here](https://elections.maryland.gov/voting/documents/Mail_In_Ballot_Application-English.pdf) [Mail In Ballot Application English](https://elections.maryland.gov/voting/documents/Mail_In_Ballot_Application-English.pdf).","The response correctly states mail-in voting is available and cites the 2026 primary deadlines (June 16 by mail or 11:59 PM online; June 23 final return), but incorrectly claims ballots are received 30–45 days before the election, which is not stated by official sources."
40c592f4-8390-4470-8697-7a54d55b09d8,procedural,0,60,other,What should I do if I run into any problems at my polling place?,"If you encounter any problems at your polling place, you can contact the local election officials for assistance. Additionally, you can text ""HELP"" to 77788 for support, which can provide information on resolving issues related to your voter registration, polling location, or voting process [MoCo Voter Guide for the 2026 Primary Election 02062026](local://2026-02/MoCo Voter Guide for the 2026 Primary Election 02062026.pdf).","The assistant correctly advises contacting election officials for help, but the claim about texting 'HELP' to 77788 is not supported by official Maryland/Montgomery sources; the actual Montgomery County channels are the 24-hour hotline 240-777-VOTE and the MCBOE main line 240-777-8500."
40c592f4-8390-4470-8697-7a54d55b09d8,procedural,1,40,date/location error,"Is there a hotline I can call for help, or are there other resources available if I need immediate assistance?","Yes, you can call the Maryland State Board of Elections at 1-866-361-8683 for immediate assistance. They can help with various voting-related issues. Additionally, you can text ""HELP"" to 77788 for support, which provides information on resolving problems related to voter registration, polling locations, or the voting process [MoCo Voter Guide for the 2026 Primary Election 02062026](local://2026-02/MoCo Voter Guide for the 2026 Primary Election 02062026.pdf).","The ID numbers and texting instruction in the response are partly incorrect (state hotline is 800-222-8683, not 1-866-361-8683; texting HELP to 77788 is not listed—CHECK to 77788 is the supported text), while Montgomery County’s 24-hour hotline is correctly stated as 240-777-VOTE (8683) and there is an Official Voter Guide/Sample Ballot page, though the exact referenced PDF name is not verifiable on official pages."
40c592f4-8390-4470-8697-7a54d55b09d8,procedural,4,60,date/location error,What happens if I miss the deadline to file a complaint?,"I can only answer questions about voting in Maryland for the 2026 elections. For information about other states or federal races, please visit vote.gov.","The assistant’s scope-limiting statement provides no factual information about the Maryland administrative complaint deadline; MD sources state that complaints must be filed within 60 days of the relevant event/knowledge, so the response omits a critical fact and is not aligned with verified rules."
5c27d08d-4158-4b77-82c6-ae50018366cb,mail_in,1,60,date/location error,Are there any restrictions for independent voters if they decide to register with a party just for the primary?,"Yes, if independent voters in Maryland decide to register with a party just for the primary election, they will be able to vote in that party's primary. However, once they register with a party, they will be considered affiliated with that party until they change their registration back to independent or to another party. This means they will not be able to vote in the primaries of other parties unless they switch their affiliation again. It's important to check the deadlines for changing party affiliation to ensure eligibility for the primary you wish to vote in.","Partially accurate: Maryland primaries require party affiliation to vote in that party's primary, and changes must be made before the deadline (e.g., Montgomery County's June 2, 2026 deadline); the response incorrectly implies independents can vote in a party's primary by 'registering with a party for the primary' without noting the need to actually change affiliation and the restriction on voting in multiple parties' primaries."
5c27d08d-4158-4b77-82c6-ae50018366cb,mail_in,3,60,date/location error,What happens if I miss the deadline to change my party affiliation?,"If you miss the deadline to change your party affiliation in Maryland, you will not be able to vote in that party's primary election. However, you can still vote in the general election as an independent voter or as a member of the party you were previously affiliated with, if applicable. 

To participate in future primaries, you would need to change your party affiliation before the next registration deadline for those elections. It's important to keep track of these deadlines to ensure your eligibility to vote in primaries. If you have further questions about your voting options, you might consider contacting your local Board of Elections for assistance.","The claim that missing the party-affiliation deadline prevents voting in that party's primary is not fully accurate, since Maryland allows party-affiliation changes during early voting or on Election Day and unaffiliated voters typically cannot vote in party primaries but can vote in the general election, with future primaries requiring updating affiliation by the next registration deadline."
5c27d08d-4158-4b77-82c6-ae50018366cb,mail_in,4,20,other,"If I decide to change my party affiliation but then want to switch back to independent after the primary, is there a waiting period I need to be aware of?","In Maryland, there is no waiting period to change your party affiliation back to independent after the primary election. You can change your party affiliation at any time, including immediately after the primary. However, keep in mind that if you change your affiliation back to independent, you will not be able to vote in the next primary election for that party unless you switch back again before the registration deadline for that primary. Always check the specific deadlines for registration changes to ensure you are eligible to vote in future elections.","The assistant claimed there is no waiting period to change party affiliation after the Maryland primary; official Maryland elections pages specify that changes are allowed except after the close of advanced voter registration, creating a waiting period until registration reopens after an election."
65b8649e-4777-4010-95bc-d56a88d5c0e3,results_integrity,1,40,nuance/specificity gap,Is there a hotline or website specifically for reporting voting issues?,I don't have that information. You could try visiting the Maryland State Board of Elections website or contacting your local board of elections for details on any hotlines or specific resources for reporting voting issues.,"Montgomery County and Maryland State Board of Elections pages show a 24-hour voter information hotline (e.g., 240-777-VOTE) and official contact numbers; the assistant's claim 'I don't have that information' is therefore inaccurate and omits readily available hotline resources."
65b8649e-4777-4010-95bc-d56a88d5c0e3,results_integrity,2,60,other,What kind of problems can I report if I encounter any issues while voting?,"I don't have that information. However, common issues voters might report include problems with voting machines, difficulties with ballot insertion, accessibility concerns, or discrepancies in ballot counting. For specific guidance, you might want to check with the Maryland State Board of Elections or your local election office.","The assistant claimed 'I don't have that information,' but Maryland's official site provides guidance on voting problems (provisional voting, accessibility, help contact options), so the assertion is inaccurate, though the suggested issue categories are broadly plausible."
6cb76277-e5a4-4c09-b768-c4d33cd6c527,mail_in,1,60,date/location error,When is the last day I can request a mail-in ballot for the 2026 primary?,I don't have that information regarding the last day to request a mail-in ballot for the 2026 primary. I suggest visiting the Maryland State Board of Elections website or reaching out to them directly for the specific deadlines related to mail-in voting.,"Verified sources show the deadlines (June 16 by mail/fax, June 19 online, and June 23 by 8 PM in person) for the 2026 primary mail-in ballot requests, but the assistant did not provide these and claimed it lacked the information."
6cb76277-e5a4-4c09-b768-c4d33cd6c527,mail_in,2,60,date/location error,What time do I need to return the mail-in ballot by on Election Day?,I don't have that information about the specific time by which you need to return your mail-in ballot on Election Day. I recommend checking the Maryland State Board of Elections website or contacting them for the exact deadline for returning mail-in ballots.,"The assistant correctly admitted it didn’t have the deadline, but it failed to provide the key fact; official sources state for the 2026 Gubernatorial Primary that mail-in ballots must be postmarked by June 23, 2026 or delivered by 8:00 PM on Election Day (June 23, 2026)."
6cb76277-e5a4-4c09-b768-c4d33cd6c527,mail_in,4,60,other,Is there any way to track my mail-in ballot once I've sent it in?,"Yes, you can track your mail-in ballot once you've sent it in. You can check the status of your request and your ballot at the Maryland State Board of Elections website at vote.md.gov/search [Mail In Ballot Application English](https://elections.maryland.gov/voting/documents/Mail_In_Ballot_Application-English.pdf).","The claim that you can track a mail-in ballot is correct, but the specific tracking URL given (vote.md.gov/search) is not the official Maryland tracking page; Maryland's Track My Ballot is on elections.maryland.gov (linked to voterservices.elections.maryland.gov), and linking to the Mail-In Ballot Application PDF does not describe ballot status."
8ba04172-58b4-46ca-a170-e0cafb2d6f79,edge_cases,0,60,nuance/specificity gap,"Hey, I lost my voter ID card, and I'm wondering if I can still vote without it. What should I do?","In Maryland, you can still vote without your voter ID card. If you don't have your voter ID card, you can provide other forms of identification, such as a driver's license, state-issued ID, or another form of identification that includes your name and address. If you don't have any ID, you can still vote provisionally. This means you'll cast a provisional ballot, and your eligibility will be verified later by the local election board. 

It's a good idea to check with your local election office for specific guidance on what forms of ID are accepted and the provisional voting process. You can find more information on the Maryland State Board of Elections website or contact them directly.","Maryland rules require ID for certain first-time voters who registered by mail; the assistant correctly notes options for ID and provisional voting, but fails to mention the ID requirement specific to first-time mail registrants, making the answer only partially accurate."
8ba04172-58b4-46ca-a170-e0cafb2d6f79,edge_cases,4,60,other,What happens if my provisional ballot is not counted?,"If your provisional ballot is not counted, you will receive a notice explaining why it was not accepted. Common reasons for a provisional ballot not being counted include:

- You are not registered to vote.
- You did not provide the required identification or information.
- You voted in the wrong precinct.

You have the right to appeal the decision if you believe your ballot should have been counted. Additionally, you can check the status of your provisional ballot and find out the reason for its rejection by contacting your local election office or visiting the Maryland State Board of Elections website.

It's important to stay informed about your voting status and ensure that all necessary information is provided to avoid issues with your provisional ballot.","MD sources confirm provisional ballots are counted if eligible and that voters can check whether their ballot was counted and the reason via the voter look-up about 10 days after the election, but there is no explicit requirement or widely published process for a formal 'notice of rejection' or an 'appeal'—two claims in the answer are not supported by the official guidance."
8cbe9fcf-f951-45d6-9cd7-5d16bf5e2009,mail_in,0,62,date/location error,What should I do if my mail-in ballot doesn't show up in time?,"If your mail-in ballot doesn't arrive in time, you have a couple of options:

1. **Check the Status**: First, you can check the status of your mail-in ballot on the Maryland State Board of Elections website to see if it was mailed or if there are any issues.

2. **Vote Provisional Ballot**: If you do not receive your mail-in ballot in time to vote by mail, you can go to your polling place on Election Day and request to vote using a provisional ballot. This allows you to cast your vote, and election officials will verify your eligibility after Election Day [Transcript: The Provisional Voting Process: An Overview](https://elections.maryland.gov/voting/provisional_voting_video_transcript.html).

3. **Contact Election Officials**: If you're concerned about your ballot, you can also contact your local election office for assistance and guidance on what to do next.

Make sure to act quickly to ensure your vote is counted!","The assistant’s advice to check mail-in ballot status and to use provisional ballots aligns with official Maryland resources, and the deadlines referenced are broadly correct, but the specific claim that a missing mail-in ballot can or should be resolved by voting provisionally in person is not explicitly confirmed by the cited Maryland pages, making the overall accuracy partial."
921edc89-f007-424c-8ef5-9b1535beafa8,results_integrity,0,40,date/location error,"Hey, I'm curious — how often do they conduct audits of elections in Maryland?","In Maryland, monthly audits of voter registration data are conducted to verify compliance with federal and state laws governing voter registration. Additionally, there are comprehensive audits prepared for each election cycle, such as the updates for the 2026 election cycle mentioned in the reports [State Administrator's Report- March 26, 2026](local://2026-03/State Administrator's Report- March 26, 2026.pdf).","The answer asserts Maryland conducts monthly audits of voter registration data, which is not supported by official sources (VRARs are monthly statistics, not audits); post-election ballot audits occur after elections (automated and manual per the Ballot Audit Plan), but there is no evidence of recurring 2026-cycle 'updates' audits on the authorized sites."
921edc89-f007-424c-8ef5-9b1535beafa8,results_integrity,3,60,other,What happens if an audit reveals errors in the election results?,"If an audit reveals errors in the election results, the State Board of Elections would typically take corrective actions to address those discrepancies. This may involve further investigation into the errors, potential recounts, or adjustments to the official results as necessary to ensure accuracy. The specific procedures would depend on the nature and extent of the errors found during the audit. However, detailed procedures for handling such situations are not specified in the provided context. You might want to check the Maryland State Board of Elections website or contact them directly for more specific information on their protocols for addressing audit findings.",The answer asserts automatic corrective actions (recounts/adjustments) after an audit; Maryland sources describe post-election audits and recount procedures but do not state that audits automatically trigger such actions—procedures depend on the specifics and would be detailed by the SBE.
921edc89-f007-424c-8ef5-9b1535beafa8,results_integrity,4,20,date/location error,Can you tell me more about what kinds of errors might be found during an audit that would lead to corrections or recounts?,"I can only answer questions about voting in Maryland for the 2026 elections. For information about other states or federal races, please visit vote.gov.","The assistant did not address the asked topic about audit errors that lead to corrections or recounts and offered an unrelated scope limitation plus a redirect to vote.gov, providing no Maryland-specific audit error types described on elections.maryland.gov or montgomerycountymd.gov/elections."
93ce4aaa-5369-44de-b9fb-0a742bcdc5c8,mail_in,2,65,date/location error,"Is it too late to switch to in-person voting, or are there deadlines I should be aware of?",I don't have specific information about deadlines for switching to in-person voting in Maryland. I recommend checking with your local board of elections or visiting the Maryland State Board of Elections website for the most accurate and up-to-date information regarding deadlines and procedures. They can provide you with the necessary details to ensure your vote counts.,"The sources confirm there are specific mail-in ballot deadlines and in-person absentee voting options in Montgomery County/Maryland, but the AI answer did not provide those deadlines or explain how to switch from mail-in to in-person voting."
961bd47d-fc30-42f7-8353-34b15a31507c,edge_cases,2,40,other,"Is there a way to get notifications about polling place changes, or do I just need to check the website regularly?","Yes, you will receive notifications about any changes to your polling place. The local election officials mail notices to voters for every change in registration or polling place. This means you don't need to check the website regularly; you should receive updates directly by mail if there are any changes affecting you [MoCo Voter Guide for the 2026 Primary Election 02062026](local://2026-02/MoCo Voter Guide for the 2026 Primary Election 02062026.pdf).","The answer asserts that voters automatically receive mailed notices for polling place changes, but Montgomery County pages indicate changes are published online and via digital alerts (GovDelivery); there is no explicit guarantee of mailed notices for every polling place change."
9840f133-2721-4538-9c0f-4942f0fb1032,eligibility,0,60,date/location error,"Hey, I’m curious—do I need to show an ID to vote in Maryland? If so, what kind of IDs are accepted?","In Maryland, you do not need to show an ID to vote if you are already registered. However, if you are registering to vote during early voting or on election day, you must provide a document that proves where you live. Acceptable forms of ID include:

- A Maryland Motor Vehicle Administration (MVA) issued license or ID card
- A change of address card from the MVA
- A paycheck
- A bank statement
- A utility bill
- Any other government document that includes your name and address

If you have any further questions about voting or registration, feel free to ask! [Introduction](https://elections.maryland.gov/voter_registration/index.html)","The blanket claim that 'you do not need to show an ID to vote if you are already registered' is not fully accurate; Maryland law requires some first-time voters to show ID (either a photo ID or a document showing name and current address dated within 3 months), per official pages, so the answer omits an important exception."
9840f133-2721-4538-9c0f-4942f0fb1032,eligibility,2,50,other,How do I get a voter ID if I don’t have one?,"In Maryland, if you need a voter ID, you can obtain a Maryland Motor Vehicle Administration (MVA) issued ID or driver's license, which serves as a photo ID for voting. Here’s how you can get one:

1. **Visit the MVA**: Go to a local MVA branch. You may need to bring documents that prove your identity and residency.
2. **Provide Required Documents**: Bring documents such as a birth certificate, Social Security card, or any government-issued document that includes your name and address.
3. **Complete the Application**: Fill out the application for an ID or driver's license.
4. **Pay the Fee**: There may be a fee for obtaining an ID, but some individuals may qualify for a waiver.

If you don't need a photo ID but need to prove your residency for voting, you can use non-photo documents like utility bills or bank statements as mentioned earlier. If you have further questions or need assistance, feel free to ask! [Voter Registration Information](https://elections.maryland.gov/voter_registration/index.html)","The assistant correctly notes that Maryland allows using an MVA photo ID for voting and that some first-time voters may be asked to show ID, but it inaccurately lists birth certificates and Social Security cards as residency proof documents and asserts fees/waivers for obtaining an MVA ID without support from Maryland election sources."
9b1b7745-830f-42d3-8475-642156f4a712,edge_cases,0,60,other,"Hey, if I end up in the hospital and can’t vote in person, what options do I have to still make my voice heard?","If you find yourself in the hospital and unable to vote in person, you can still participate in the election by voting by mail. In Maryland, you can apply for a mail-in ballot, which allows you to cast your vote from your location. 

To apply for a mail-in ballot, you can text ""VBM"" followed by your zip code to 77788 (for example, ""VBM 20879"") to receive information on how to proceed. Make sure to apply for your mail-in ballot as early as possible to ensure you receive it in time to vote and return it by the election deadline [MoCo Voter Guide for the 2026 Primary Election 02062026](local://2026-02/MoCo Voter Guide for the 2026 Primary Election 02062026.pdf). 

If you have any further questions or need assistance, you can also text ""HELP"" to 77788 for additional information [MoCo Voter Guide for the 2026 Primary Election 02062026](local://2026-02/MoCo Voter Guide for the 2026 Primary Election 02062026.pdf).","The answer correctly states that mail-in voting is an option and that you can text VBM to 77788 (per Montgomery County material), but it includes an unsupported ZIP-code example ('VBM 20879') and an unsupported 'HELP' SMS instruction, and it cites a local PDF link not present on the allowed Maryland/election domains."
9b1b7745-830f-42d3-8475-642156f4a712,edge_cases,1,40,date/location error,How do I apply for a mail-in ballot from the hospital?,"To apply for a mail-in ballot from the hospital, you can follow these steps:

1. **Text Message Application**: You can text ""VBM"" followed by your zip code to 77788 (for example, ""VBM 20879""). This will provide you with information on how to apply for a mail-in ballot.

2. **Online Application**: If you have internet access, you can visit the Maryland State Board of Elections website to apply for a mail-in ballot online. Look for the section on mail-in voting or absentee ballots.

3. **Contact Local Election Office**: You can also call your local election office directly for assistance. They can guide you through the process of applying for a mail-in ballot and ensure you receive it in time.

Make sure to apply as early as possible to ensure you have enough time to receive and return your ballot by the election deadline. If you need further assistance, you can text ""HELP"" to 77788 for additional information [MoCo Voter Guide for the 2026 Primary Election 02062026](local://2026-02/MoCo Voter Guide for the 2026 Primary Election 02062026.pdf).","The assistant's SMS-based VBM application claim (text 'VBM' to 77788) is not supported by official Maryland/Montgomery County sources; the correct channels are online through elections.maryland.gov or the local board (mail/fax/email or in-person), with primary deadlines around June 16–19, 2026."
9b1b7745-830f-42d3-8475-642156f4a712,edge_cases,2,40,date/location error,Is there a deadline for requesting an emergency ballot if I'm in the hospital?,"Yes, there is a deadline for requesting a mail-in ballot in Maryland. For the 2026 Gubernatorial Primary Election, you can request a mail-in ballot at any time but no later than Tuesday, June 16, 2026. If you are in the hospital and need an emergency ballot, it's important to act quickly to ensure you meet this deadline [MoCo Voter Guide for the 2026 Primary Election 02062026](local://2026-02/MoCo Voter Guide for the 2026 Primary Election 02062026.pdf).

If you miss this deadline, you may want to contact your local election office to see if there are any options available for emergency situations.","The assistant incorrectly states that a mail‑in ballot can be requested 'at any time' before the deadline; verified sources show distinct deadlines (mail/fax by 6/16/2026, electronic by 6/19/2026, in‑person by 6/23/2026) and times, plus the planned ‘emergency ballot’ pathway is not described on the cited Maryland/Montgomery County pages."
9b1b7745-830f-42d3-8475-642156f4a712,edge_cases,4,60,other,Can a family member help me vote if I'm unable to make it to the polling place myself?,"Yes, a family member can assist you with voting if you are unable to make it to the polling place yourself. In Maryland, voters who need assistance due to a disability or other reasons can have someone help them with the voting process. This can include helping you to fill out your ballot or providing transportation to the polling place if needed.

However, it's important to note that the person assisting you cannot be your employer or an agent of your union. Make sure to communicate with your local election office if you have specific questions about the assistance process or any requirements that need to be met.","The claim that a family member can assist is supported by Maryland and Montgomery County sources and that assistance can include helping fill out the ballot, but the assertion that transportation to the polling place can be provided is not supported by official sources, as Montgomery County indicates transportation to polls is not provided."
9c19a5c3-e1cf-4ed0-8dd2-3f40ee34537b,mail_in,1,60,date/location error,Do I need to fill out a different form to request the mail-in ballot?,"Yes, you need to fill out the Maryland Mail-in Ballot Request Form to request a mail-in ballot. You can obtain this form online or by calling the Maryland State Board of Elections. Make sure to submit the form by the appropriate deadline for the election you are voting in [Mail In Ballot Application English](https://elections.maryland.gov/voting/documents/Mail_In_Ballot_Application-English.pdf)[Mail In Ballot Application English](https://elections.maryland.gov/voting/documents/Mail_In_Ballot_Application-English.pdf).","The assistant correctly notes the existence of a Mail-In Ballot Application and that deadlines apply, but it is incorrect to claim you can obtain the form by calling the State Board of Elections; online requests are available and the 2026 primary deadlines are specific (e.g., June 16 for mail/fax requests, June 19 for online requests, and June 23 by 8 PM for in-person/mail return)."
9c19a5c3-e1cf-4ed0-8dd2-3f40ee34537b,mail_in,2,40,date/location error,How far in advance should I apply for the mail-in ballot?,"You should apply for your mail-in ballot as early as possible to ensure you receive it in time to vote. In Maryland, the deadline to request a mail-in ballot is typically a few days before the election. It's recommended to submit your request at least a few weeks in advance to account for any potential delays in processing or mailing. For the exact deadlines, you can check the Maryland State Board of Elections website or contact them directly for the most accurate information.","The claim that deadlines are 'a few days' (and 'a few weeks') before the election is incorrect; for the 2026 Primary, deadlines are June 16 (by mail/fax) or June 19 (online) to request, with in-person requests by June 23, 2026, and ballots due by June 23, 2026, per elections.maryland.gov and Montgomery County Elections pages."
9c19a5c3-e1cf-4ed0-8dd2-3f40ee34537b,mail_in,4,60,other,What if I'm overseas and can't receive my mail-in ballot in time?,"If you are overseas and cannot receive your mail-in ballot in time, you can use the Federal Post Card Application (FPCA) to request an emergency ballot. This allows you to vote even if you are outside the U.S. and facing issues with mail delivery. You can also check if your jurisdiction allows for electronic submission of ballots or if they provide a way to vote online. It's important to contact the local election office in Maryland for specific instructions and options available to you.","FPCA usage for overseas voters is correct and a Federal Write-In Ballot backup exists, but the response mislabels an 'emergency ballot' and Maryland does not allow online submission of ballots (ballots must be returned by mail/hand delivery/drop box; online requests exist but not online ballot submission)."
9fc927c0-7bab-4249-9df7-d01f779eb3c3,eligibility,1,40,other,"Do I need to cancel my previous registration in my old state, or does that happen automatically when I register in Maryland?",You will need to cancel your voter registration in your previous state yourself. It does not happen automatically when you register in Maryland. It's a good practice to contact the election office in your old state to ensure your registration is canceled properly. This helps avoid any potential issues with being registered in multiple states.,"Maryland's NVRA List Maintenance shows automatic cancellation when a voter moves to another state, and Maryland also offers online or form-based cancellation, so the assistant's claim that cancellation must be done entirely by the voter and is not automatic is inaccurate."
9fc927c0-7bab-4249-9df7-d01f779eb3c3,eligibility,4,60,date/location error,What happens if I miss the registration deadline? Can I still vote?,"If you miss the registration deadline in Maryland, you can still register and vote during early voting or on election day. Maryland allows same-day registration, which means you can register to vote at your polling place or early voting center. 

However, you will need to bring a document that proves your residency, such as a Maryland driver's license, ID card, or a utility bill with your name and address. Just make sure to arrive early to allow enough time to complete the registration process before casting your vote.","The answer correctly notes same-day registration during Maryland's early voting and lists acceptable residency documents, but it incorrectly states you can register on Election Day for the 2026 Gubernatorial Primary; official sources show online/mail registration by June 2, 2026 and that same-day registration is available during early voting, not on Primary Election Day."
a8320576-3716-497b-ada8-dd782db54153,procedural,0,25,other,"Hey, can you tell me what the polling hours are on election day?",I don't have that information. I suggest checking the Maryland State Board of Elections website or contacting your local board of elections for the specific polling hours on election day.,"The assistant claimed no polling hours information was available, but Maryland's official site states that early voting runs 7:00 am–8:00 pm and election-day polls are open 7:00 am–8:00 pm for the 2026 Gubernatorial Primary (e.g., elections.maryland.gov/elections/2026/vote2026/index.html and elections.maryland.gov/voting/early_voting.html)."
a8320576-3716-497b-ada8-dd782db54153,procedural,2,40,nuance/specificity gap,"Will there be extended hours for early voting, or is it just on election day?",I don't have that information. You may want to check the Maryland State Board of Elections website or contact your local board of elections for details on early voting hours and whether there will be any extended hours.,"Official sources confirm early voting hours (June 11–18, 2026, 7:00 am–8:00 pm) and Election Day hours (June 23, 2026, 7:00 am–8:00 pm); the assistant's claim of lacking information is incomplete and does not reflect these published hours."
a8320576-3716-497b-ada8-dd782db54153,procedural,3,0,other,What happens if I'm in line when the polls close?,I don't have that information. I recommend checking the Maryland State Board of Elections website or reaching out to your local board of elections for guidance on what to do if you're in line when the polls close.,"The assistant claimed 'I don't have that information', but the Maryland State Board of Elections states that anyone in line by 8:00 p.m. will be allowed to vote (both during early voting and election day), and Montgomery County's Election Judge handbook confirms that all voters in line by 8 p.m. are allowed to vote."
a8320576-3716-497b-ada8-dd782db54153,procedural,4,20,other,Is there anything specific I should be aware of if I'm voting for the first time in Maryland?,"I don't have that information. I suggest visiting the Maryland State Board of Elections website, where you can find helpful resources and guidelines specifically for first-time voters in Maryland.","The assistant claimed there is no information, but Maryland election sites (elections.maryland.gov and montgomerycountymd.gov/elections) provide explicit first-time voter eligibility (you may register at 16 but cannot vote until 18; must be a U.S. citizen and Maryland resident) and registration options."
a9323252-a5af-447b-8684-1cd4ce6df686,eligibility,4,40,date/location error,"Just to confirm, if I register using my college address, can I still vote absentee in my home state if I want to?","Yes, if you register using your college address in Maryland, you can still vote absentee in your home state if you choose to do so. Just make sure to contact your home state's election office to update your registration information and request an absentee ballot. Keep in mind that you can only be registered to vote at one address at a time, so if you register in Maryland, you should cancel your registration in your home state [Students Enrolled in a Maryland Institution of Higher Education](https://elections.maryland.gov/voter_registration/students.html).","The assistant claimed you can register at a Maryland college address and still vote absentee in your home state, but Maryland guidance says you may register at home or school as your residential address and, to vote in your home state, you should remain registered there (or cancel Maryland registration) and request an absentee ballot, so the central claim is not accurate."
aaa520a0-f79f-46dc-b123-b452e47491f3,mail_in,1,60,other,"Is there a specific form I need to fill out to request the mail-in ballot, and where can I find it?","Yes, you need to fill out a specific form to request a mail-in ballot in Maryland. You can find the Mail-in Ballot Request Form [here](https://elections.maryland.gov/voting/documents/Mail_In_Ballot_Application-English.pdf). 

Make sure to complete the form and return it to your local board of elections by the appropriate deadline for your request to be processed. If you prefer, you can also request a mail-in ballot online if you have a Maryland driver’s license or MVA-issued ID card at vote.md.gov/NeedBallot.","The response correctly states that Maryland offers a mail-in ballot request form and that an online request is available, but the exact URL given for the PDF does not match the official file name; the correct document is Mail-in Ballot Application_English.pdf located at elections.maryland.gov/voting/documents."
aaa520a0-f79f-46dc-b123-b452e47491f3,mail_in,4,40,other,Is there anything else I should know about returning my mail-in ballot once I get it?,"Yes, here are some important points to keep in mind when returning your mail-in ballot in Maryland:

1. **Return Methods**: You can return your completed mail-in ballot by:
   - **Mail**: Use the prepaid return envelope that comes with your ballot. You do not need to add a stamp.
   - **Drop-off**: You can deliver your ballot in person to your local election office or a designated ballot drop box (when available).
   - **Fax or Email**: If you received your ballot via email, you can return it by fax or email, but you must follow the specific instructions provided.

2. **Deadline**: Your mail-in ballot must be returned by the close of polls on election day. Make sure to mail it early enough to ensure it arrives on time, as postmarks do not count.

3. **Signature Requirement**: Ensure that you sign the oath on the return envelope. Your ballot will not be counted if the signature is missing or does not match the signature on your voter registration.

4. **Tracking Your Ballot**: You can track the status of your mail-in ballot by visiting the Maryland State Board of Elections website at vote.md.gov/search.

5. **Provisional Ballot**: If you decide to vote in person after requesting a mail-in ballot, you will need to vote using a provisional ballot. Your mail-in ballot will be voided if you do this.

Make sure to follow these guidelines to ensure your vote is counted!","The response misstates key Maryland election rules: ballots cannot be returned by fax or email (MCBOE), postmarks do count and ballots must be postmarked by Election Day and received by 8 PM on Election Day, and while signing the oath is required, there is no stated requirement that the signature must match the voter registration; these major inaccuracies reduce overall accuracy despite some correct points."
add3cd6c-2553-48da-bc94-254cbcc3c115,mail_in,0,40,date/location error,"Hey, can I track my mail-in ballot after I've requested it?","Yes, you can track your mail-in ballot after you've requested it. You can check the status of your request and your ballot at the Maryland State Board of Elections website: vote.md.gov/search [Mail In Ballot Application English](https://elections.maryland.gov/voting/documents/Mail_In_Ballot_Application-English.pdf).","It incorrectly directs users to vote.md.gov/search and to a Mail_In_Ballot_Application PDF for tracking; Maryland's official Track My Ballot feature is on elections.maryland.gov, and the PDF link is for requesting a ballot, not tracking."
add3cd6c-2553-48da-bc94-254cbcc3c115,mail_in,1,40,date/location error,How would I go about tracking it?,"To track your mail-in ballot, visit the Maryland State Board of Elections website at vote.md.gov/search. There, you can enter the necessary information to check the status of your ballot and your request. This will allow you to see if your ballot has been mailed to you and if it has been counted after you submit it.","The assistant incorrectly directs users to vote.md.gov/search; Maryland's official mail-in ballot tracking page is Track Your Mail-in Ballot at voterservices.elections.maryland.gov, as indicated by the Maryland State Board of Elections and Montgomery County Elections pages."
add3cd6c-2553-48da-bc94-254cbcc3c115,mail_in,3,40,date/location error,"Is there an app or website where I can get updates on my ballot status, or is it just the Maryland State Board of Elections site?","Yes, there is an app called the SBE Official Voter Resource app that you can use to get updates on your ballot status. It is currently available on the Google Play Store and pending review for the Apple Store. Additionally, you can always check your ballot status on the Maryland State Board of Elections website at vote.md.gov/search for the most up-to-date information.","The answer incorrectly identifies the official app as 'SBE Official Voter Resource' (the official page lists 'Go Vote Maryland' for Android and iOS), incorrectly states Apple Store status, and directs users to vote.md.gov/search for ballot status instead of the official Maryland 'Track My Ballot' service at voterservices.elections.maryland.gov."
ae3ff717-c475-47bf-bddd-a16cfdd34f41,results_integrity,4,40,date/location error,"That's good to know! If I track my ballot and see any issues, is there a specific timeline for when I need to address them before the election is certified?","Yes, if you track your ballot and notice any issues, it's important to address them promptly. In Maryland, you typically need to resolve any discrepancies before the election is certified. 

For mail-in ballots, if there is a signature mismatch or other issues, you must provide the necessary information or corrections to your local board of elections before 10 a.m. on the second Wednesday after Election Day. This is when the election results are finalized, and any unresolved issues could prevent your ballot from being counted.

It's advisable to act quickly if you see any problems with your ballot status to ensure your vote is counted. For specific timelines and procedures, you can contact your local board of elections directly.","The assistant's key deadline is wrong: Maryland's State Board of Elections specifies the deadline to provide a signed oath for mail-in ballots as 10:00 a.m. on the 2nd Friday after Election Day, not the 2nd Wednesday, so the answer contains a misleading date."
b556bc45-93c4-4d14-aa8b-1dcc338227de,results_integrity,2,40,date/location error,Are there independent observers during the election to help ensure everything's running fairly?,I don't have that information. You might want to check the Maryland State Board of Elections website or contact them directly for details on the presence of independent observers during elections and their role in ensuring fairness.,"The assistant's claim that there is no information is incorrect; Maryland and Montgomery County election sites explicitly describe challengers, watchers, and observers and how they participate in elections."
b556bc45-93c4-4d14-aa8b-1dcc338227de,results_integrity,3,40,other,"How can I learn more about the qualifications of those independent observers, if they are present?","I don't have that information. To learn more about the qualifications of independent observers in Maryland elections, I recommend visiting the Maryland State Board of Elections website or reaching out to them directly. They should provide detailed information on the role and qualifications of observers during elections.","The assistant claimed there is no information on observer qualifications, but Maryland's State Board of Elections and Montgomery County provide an Accredited Challenger/Watcher Manual detailing who can observe, who can designate observers, and the certificate requirements."
b6c6aedc-2444-4c59-8993-4bc38eff9d13,procedural,0,60,nuance/specificity gap,"Hey, I’m curious—what kind of ID do I need to bring when I vote in the primary election?",I don't have that information. I recommend checking the Maryland State Board of Elections website or contacting your local election office for the most accurate and up-to-date information regarding voter ID requirements for the primary election.," Maryland election sources show first-time mail-in voters must provide ID (driver's license/MVA ID or last 4 of SSN) to vote, or meet identification requirements; the assistant did not mention these ID requirements and only suggested checking sources, so it omits key facts and is incomplete."
b6c6aedc-2444-4c59-8993-4bc38eff9d13,procedural,1,40,nuance/specificity gap,Are there different ID requirements for early voting compared to election day?,"I don't have that information. To find out if there are different ID requirements for early voting compared to election day in Maryland, I suggest checking the Maryland State Board of Elections website or reaching out to your local board of elections for clarification.","The Maryland state and Montgomery County election pages show ID requirements for first-time voters and residency-proof for same-day registration during early voting, so the assistant's claim of lacking information and not providing those facts is incomplete."
b6c6aedc-2444-4c59-8993-4bc38eff9d13,procedural,3,60,other,Can I use a digital ID if I forget my physical ID on election day?,I don't have that information. I recommend checking with the Maryland State Board of Elections or your local election office to see if a digital ID is acceptable for voting on election day. They will provide the most accurate and up-to-date guidance on ID requirements.,"Maryland guidance confirms ID rules (copies of photo ID or documents for some first-time voters) but does not confirm that a digital ID is acceptable, so the assistant's claim about digital IDs is not supported."
b93ed09b-a38a-4cf9-a7c9-ee8220868e82,procedural,2,60,other,Do the hours for early voting differ from election day?,"Yes, the hours for early voting differ from those on election day. During the early voting period, early voting centers are open from 7 AM to 8 PM each day. However, on election day, polling places typically have different hours, which are usually from 7 AM to 8 PM as well, but it's best to check the specific hours for your polling place on the Maryland State Board of Elections website as they can vary by location.","The assistant claimed early voting hours differ from Election Day hours; official Maryland sources (elections.maryland.gov) indicate both early voting centers and Election Day polls operate from 7 a.m. to 8 p.m., so there is no difference in hours; thus the claim is not accurate."
b93ed09b-a38a-4cf9-a7c9-ee8220868e82,procedural,3,40,date/location error,Can I vote absentee if I choose to participate in early voting?,"Yes, you can vote absentee even if you choose to participate in early voting. In Maryland, you have the option to vote by mail (absentee voting) or in person during early voting. However, if you decide to vote absentee, make sure to request your mail-in ballot in advance and follow the necessary steps to ensure your vote is counted. Just remember that you can only vote once in an election, so if you vote absentee, you should not vote in person as well.","The answer incorrectly claims you can vote absentee and also participate in early voting; Maryland allows either mail-in (absentee) voting or in-person early voting, but you cannot do both in the same election (you may receive a provisional ballot if you vote in person after a mail-in ballot is issued)."
bbb84b0a-a5e8-4afe-a3bd-ed5ecd63450c,mail_in,1,60,date/location error,What common mistakes should I avoid when filling out my mail-in ballot?,"I don't have specific information on common mistakes to avoid when filling out your mail-in ballot. However, general tips include ensuring that you fill out the ballot completely, sign where required, and double-check that your information matches your voter registration. For more detailed advice, I suggest checking the Maryland State Board of Elections website or contacting your local board of elections for guidance.","The assistant claimed there is no specific information on common mail-in ballot mistakes, but Montgomery County's Mail-In Voting pages provide concrete guidance (e.g., deadlines such as June 16, 2026 at 8:00 PM to request by mail, and mandatory signing of the Mail-In Ballot Request Form for non-MD-license voters, plus details on returning ballots and the oath) which contradicts that claim."
bbb84b0a-a5e8-4afe-a3bd-ed5ecd63450c,mail_in,2,60,date/location error,Where can I find a sample ballot to help me prepare?,"You can find a sample ballot in the Montgomery County Voter Guide for the 2026 Gubernatorial Primary Election, which includes an official sample ballot on pages 13-14. Additionally, you can visit the Maryland State Board of Elections website, where they typically provide sample ballots for upcoming elections. If you need specific information for your precinct, contacting your local board of elections can also be helpful [MoCo Voter Guide for the 2026 Primary Election 02062026](local://2026-02/MoCo Voter Guide for the 2026 Primary Election 02062026.pdf).","The Montgomery County site confirms an Official Voter Guide & Sample Ballot and the State Board of Elections provides online Voter Lookup for sample ballots, but there is no verified evidence on these domains that a 2026 MoCo sample ballot exists with pages 13–14 for the gubernatorial primary; a 2024 document shows pages 13–14 and 2026 primary dates exist."
bbb84b0a-a5e8-4afe-a3bd-ed5ecd63450c,mail_in,3,60,other,Do I need to use a specific color pen when filling out my mail-in ballot?,"I don't have information on whether a specific color pen is required for filling out your mail-in ballot. Generally, it's best to use a blue or black ink pen to ensure that your ballot is clearly readable. For the most accurate guidance, I recommend checking the instructions included with your mail-in ballot or visiting the Maryland State Board of Elections website for any specific requirements.","Official Maryland election guidance requires using black ink to vote on mail-in ballots; the assistant claimed blue or black ink is acceptable, which is not supported by the cited MD and Montgomery County sources."
c448066b-4296-4d3f-9914-8dd1164f7e7a,procedural,0,60,date/location error,"Hey, I recently moved and I need to update my registration information. How do I go about that?","To update your voter registration information after moving, you can use Maryland's Online Voter Registration System (OLVR). Alternatively, you can notify your local board of elections directly. If you prefer, you can also submit a paper voter registration application or a signed written notice with your updated information.

If you moved within the same local board of elections (LBE), your address will be updated without further verification. If you moved to a different county, your information will be forwarded to the new LBE for processing. Make sure to do this as soon as possible to ensure you are voting in the correct location [Introduction](https://elections.maryland.gov/voter_registration/index.html)[Voter Registration List Maintenance](https://elections.maryland.gov/voter_registration/list_maintenance.html).","Correct about OLVR, online/in-person/paper update options, but incorrect on intra-county updates happening 'without further verification' and on moves to a different county being 'forwarded' to the new LBE; these specifics are not supported by Maryland or Montgomery County election pages."
c448066b-4296-4d3f-9914-8dd1164f7e7a,procedural,3,60,date/location error,What if I need to change my name or political party affiliation on my registration?,"If you need to change your name or political party affiliation on your voter registration in Maryland, you can do so by updating your registration information. This can be done online through the Maryland Online Voter Registration System (OLVR), or you can submit a paper voter registration application with the updated information.

Make sure to provide the necessary documentation if you're changing your name, such as a marriage certificate or court order, if applicable. You can also contact your local board of elections for assistance with the process [Voter Registration List Maintenance](https://elections.maryland.gov/voter_registration/list_maintenance.html).","The answer correctly states updating name/party online via OLVR or via a paper form and contacting the local board of elections, but it incorrectly implies that documentation like a marriage certificate or court order is required for a name change; MD sources do not mandate such documents for name changes."
c448066b-4296-4d3f-9914-8dd1164f7e7a,procedural,4,60,date/location error,"Can I make all these changes online, or do I need to go in person for any of them?","You can make many changes to your voter registration online through the Maryland Online Voter Registration System (OLVR), including updating your address, name, and political party affiliation. However, if you are changing your name and it requires documentation (like a marriage certificate or court order), you may need to submit that documentation in person or via mail.

For most updates, you can complete the process online, but if you prefer or if you encounter any issues, you can also visit your local board of elections in person for assistance [Voter Registration List Maintenance](https://elections.maryland.gov/voter_registration/list_maintenance.html).","Partially accurate—the OLVR online update and in-person Board of Elections options align with Maryland sources, but the claim that a name change requires documentation (e.g., marriage certificate) is not supported by Maryland guidance (name/address/party changes can be updated online with a signature), and citing the Voter Registration List Maintenance page as the in-person assistance source is not the correct basis for assistance."
cba1ebb1-9f5f-4fb3-ba37-727c7da24acd,mail_in,2,60,date/location error,Are there any specific instructions I should follow when filling out my mail-in ballot?,"Yes, when filling out your mail-in ballot in Maryland, you should follow these specific instructions:

1. **Complete the Ballot**: Fill out your ballot completely, making sure to mark your choices clearly.
2. **Sign the Envelope**: After filling out your ballot, place it in the provided envelope and sign the envelope where indicated. Your signature must match the one on file.
3. **Return the Ballot**: Follow the instructions for returning your ballot, whether by mail or in person. Make sure to send it back early enough to be counted by the election deadline.

It's important to read all instructions included with your mail-in ballot to ensure your vote is counted. If you have any more questions, feel free to ask!",The answer correctly describes completing and returning a mail-in ballot but wrongly instructs signing the return envelope; Maryland guidance requires signing the mail-in ballot request (not the ballot itself) and instructs not to sign the ballot.
cefaeb97-b159-4a69-b5dc-63ffd12f98ef,eligibility,3,60,date/location error,What if I haven't changed my address yet? Can I still vote in the primary election?,"If you haven't changed your address yet and you are still registered to vote at your previous address, you can still vote in the primary election. However, you will need to vote at your assigned polling place based on your old address. 

If you want to vote at your new address, you will need to update your voter registration before the 21-day deadline or take advantage of same-day registration during early voting or on election day. If you choose to vote at your old address, make sure to check your polling place information to ensure you go to the correct location.

If you have any more questions or need assistance, feel free to ask!","The response correctly notes the 21-day registration/address deadlines and the availability of same-day registration during early voting or election day, but it omits the key requirement that Maryland primaries are partisan and generally require party affiliation, so unaffiliated voters may not vote in a primary."
cefaeb97-b159-4a69-b5dc-63ffd12f98ef,eligibility,4,40,date/location error,"If I vote at my old address, will my vote still count, or do I need to make sure I update my registration to vote at my new address?","If you vote at your old address, your vote will still count as long as you are registered at that address. However, it's important to note that voting at your old address means you will be voting in the district and for the candidates associated with that location.

If you want to vote in your new district and for the candidates relevant to your new address, you should update your voter registration to reflect your new address. This can be done before the 21-day deadline or through same-day registration during early voting or on election day.

To ensure your vote counts for the correct candidates, it's best to update your registration if you have moved. If you have any more questions or need further assistance, feel free to ask!","MD law requires updating your address if you move (21-day advanced deadline; same-day registration during early voting or Election Day is available), and you should vote at the polling place for your current address or use a provisional ballot if your records are not updated; therefore the assistant's claim that voting at the old address counts simply because you are registered there is inaccurate."
d02f31ec-b2ec-4155-b376-0c641ccd7a45,procedural,4,60,date/location error,"Got it! So, if I don't have any of those documents on Election Day, will I still be able to vote?","If you don't have the required documents to prove your residency on Election Day, you won't be able to register to vote at that time. However, you can still cast a provisional ballot. A provisional ballot allows you to vote, but you'll need to provide the necessary identification or proof of residency to your local election office within a certain timeframe after Election Day for your vote to be counted. It's a good idea to check with your local election office for specific details on how to follow up with the required documentation.","Provisional voting details and the residency-proof deadline after Election Day are correctly described, but the blanket claim that you cannot register to vote at the polling place on Election Day is incomplete: Maryland/Montgomery County sources indicate same-day registration can occur during certain elections or voting periods (e.g., during early voting or specific election contexts), so the original answer is partially accurate but not fully reliable."
d0ba850f-6309-4a0d-8a86-2229ce0aafa0,results_integrity,3,60,nuance/specificity gap,Are there any penalties for attempting to commit voter fraud in Maryland?,"Yes, there are penalties for attempting to commit voter fraud in Maryland. Voter fraud is considered a serious offense, and individuals found guilty of such actions may face criminal charges. The specific penalties can include:

1. **Fines**: Individuals convicted of voter fraud may be subject to significant fines.

2. **Imprisonment**: Depending on the severity of the offense, individuals may also face imprisonment.

3. **Disqualification from Voting**: Those convicted of voter fraud may lose their right to vote.

4. **Referral for Prosecution**: Cases of suspected voter fraud are referred to the appropriate authorities for investigation and prosecution.

The Maryland State Board of Elections takes voter fraud seriously and actively works to prevent it, as indicated by their monitoring and reporting processes [02_Open Meeting Minutes 1.22.2026 rev_DRAFT](local://2026-02/02_Open Meeting Minutes 1.22.2026 rev_DRAFT.pdf). If you have more specific questions about the laws or penalties, you may want to consult legal resources or the Maryland State Board of Elections directly.","The response correctly notes penalties like fines and possible imprisonment and mentions voting-rights consequences, but Maryland generally allows felons to vote after completing their sentence (except for buying or selling votes, which is permanently disqualifying), so the broad claim of universal loss of voting rights is overly general."
d44526c8-ab65-4115-8cca-414477fde97e,eligibility,1,20,date/location error,Do I need to register now or can I wait until closer to the primary?,"In Maryland, you can register to vote up to and on the day of the primary election. However, it's a good idea to register early to ensure that you have enough time to resolve any issues that may arise with your registration. If you wait until closer to the primary, make sure to check the specific registration deadlines to ensure you don't miss out [Transcript: The Provisional Voting Process: An Overview](https://elections.maryland.gov/voting/provisional_voting_video_transcript.html).","The assistant claimed you can register to vote 'up to and on the day of the primary'; Maryland’s official sources show the 2026 primary had an advanced registration deadline of June 2, 2026, with registration possible during early voting (June 11–18) but not on primary day, making the claim inaccurate."
d44526c8-ab65-4115-8cca-414477fde97e,eligibility,3,60,date/location error,Is there a special process for younger voters like me when it comes to registration?,"In Maryland, there isn't a special registration process specifically for younger voters, but you do need to be at least 16 years old to pre-register. If you're 17 and will be 18 by the general election, you can register now or on primary election day. Just ensure that you provide the necessary identification and proof of residency when you register [Voter Registration List Maintenance](https://elections.maryland.gov/voter_registration/list_maintenance.html).","The answer correctly notes that Maryland allows registration at 16 (pre-registration) and that you must be 18 by the next general election, and that ID/residency proof may be required, but it incorrectly says there is no special process for younger voters and that a 17-year-old who will be 18 by the general election can register on primary day; Maryland does have 16-year-old pre-registration and does not typically offer same-day registration on primary day."
e025de4e-4cf3-4d1b-a198-72052f66c930,results_integrity,0,20,date/location error,"Hey, I’m a bit worried because I haven’t received my mail-in ballot yet. What should I do if it doesn’t show up?","If you haven't received your mail-in ballot, you can check the status of your ballot by texting ""CHECK"" to 77788. This will provide you with information about your voter registration and the status of your mail-in ballot. If you still have concerns, you might consider contacting your local election office for further assistance. They can help you determine if your application was processed and if a ballot was sent out.","The assistant's claim that you can check ballot status by texting 'CHECK' to 77788 is not supported by Maryland/Montgomery County election sources; official pages direct users to Track My Ballot or Track Your Ballot (via the website or contact), while 77788 is used for ballot requests or drop-box location lookups, not a status check."
e025de4e-4cf3-4d1b-a198-72052f66c930,results_integrity,3,60,other,What happens if I miss the deadline for requesting a replacement ballot?,I don't have that information about what happens if you miss the deadline for requesting a replacement ballot. I suggest checking the Maryland State Board of Elections website or contacting your local election office for guidance on your options if you miss the deadline. They can provide you with the best advice based on your situation.,Verified sources show you can obtain a replacement mail-in ballot by contacting your local board of elections and you can switch to in-person voting if you miss the replacement step; the assistant's reply did not include these specifics.
ebbc2626-8438-4700-8a1c-2e05ba956a6c,mail_in,2,60,date/location error,What if I miss the deadline to return my ballot in person? Is there any way to still have my vote counted?,"If you miss the deadline to return your mail-in ballot in person, unfortunately, your vote will not be counted. However, you may still have the option to vote in person on Election Day, provided you are registered to vote and eligible. If you encounter any issues, such as not finding your name on the voter list, you may be able to cast a provisional ballot, which will be counted once your eligibility is confirmed [Provisional Voting](https://elections.maryland.gov/voting/provisional_voting.html). It's always best to check with your local election office for specific guidance and options available to you.","The answer incorrectly states that missing the mail-in return deadline means your vote cannot be counted; Maryland allows in-person voting with a provisional ballot that can be counted if eligible, so the claim is inaccurate though other parts are correct."
fcff2813-17af-45bc-9470-3b8099617bbc,results_integrity,2,60,nuance/specificity gap,How is the validity of a provisional ballot determined once I've cast it?,"I don't have that information. To find out how the validity of a provisional ballot is determined in Maryland, I suggest checking the Maryland State Board of Elections website or reaching out to your local election office for specific details on the process.","The assistant's claim is only a generic suggestion to consult official sources and omits the key, verifiable criteria (provisional ballots are counted if the voter is registered and eligible; counting begins the 2nd Wednesday after election day; status can be checked via voter lookup) documented on elections.maryland.gov and MCBOE pages."
fcff2813-17af-45bc-9470-3b8099617bbc,results_integrity,4,40,date/location error,"That's helpful, thanks! Just to confirm, is there a specific deadline for checking the status of my provisional ballot after the election?",I don't have that information. I recommend checking the Maryland State Board of Elections website or contacting your local election office for details on any deadlines related to checking the status of your provisional ballot.,"The assistant claimed there is no information about provisional ballot status deadlines, but Maryland official sources state that you can check provisional ballot status via the voter lookup 10 days after the election (and that provisional ballots are counted starting the 2nd Wednesday after Election Day)."
ff506a80-6eb7-43b0-b27a-516ccd298245,eligibility,0,60,other,"Hey, I'm trying to figure out how to check if I'm registered to vote in Maryland. Any tips?","You can check your voter registration status in Maryland by texting ""CHECK"" to 77788. This will provide you with information about your voter registration. You can also visit the Maryland State Board of Elections website for more details on how to verify your registration online.","The texting claim to check voter registration (text 'CHECK' to 77788) is not supported by Maryland election sources; the correct method is to use the official Voter Lookup tool at voterservices.elections.maryland.gov (VoterSearch), while the suggestion to visit the state elections site for online verification is correct."
ff506a80-6eb7-43b0-b27a-516ccd298245,eligibility,1,40,other,"Can I also check my registration status in person, or is it only available online and via text?","Yes, you can check your voter registration status in person as well. You can visit your local Board of Elections office to inquire about your registration status. They will be able to assist you with any questions you have regarding your voter registration.","The assistant claimed you can check in person at your local Board of Elections, but the Maryland state and Montgomery County pages only confirm online Voter Lookup and SMS checks (CHECK to 77788); there is no documented in-person verification process."
ff506a80-6eb7-43b0-b27a-516ccd298245,eligibility,3,40,date/location error,What happens if I miss the same-day registration deadline? Is there still a way to vote?,"If you miss the same-day registration deadline, you will not be able to register to vote for that election. However, you can still participate in future elections by registering ahead of time. It's important to keep an eye on registration deadlines for upcoming elections to ensure you are registered in time. If you have further questions about your voting options, you might want to contact your local Board of Elections for assistance.","The assistant claimed you cannot register if you miss the same-day registration deadline, but Maryland and Montgomery County sources confirm same-day registration is available during Early Voting and on Election Day, so the claim is inaccurate."
